{"cameraMode":{"drawMode":0,"name":"Shaded","section":"Shading Mode"},"sceneLighting":true,"audioPlay":false,"sceneViewState":{"m_AlwaysRefresh":false,"showFog":true,"showSkybox":true,"showFlares":true,"showImageEffects":true,"showParticleSystems":true,"showVisualEffectGraphs":true,"m_FxEnabled":true},"in2DMode":false,"pivot":{"x":-138.9807586669922,"y":-1355.8638916015625,"z":2788.243896484375},"rotation":{"x":0.23849768936634065,"y":-0.005826948210597038,"z":0.0014310043770819903,"w":0.9711217880249023},"size":1343.264404296875,"orthographic":false}